id,username,password,email,role,created_at,updated_at,keycloak_id
2,nuevoNombre,$2b$10$2IPRxNhUAi0OoNV1nj6Iv.Ut7HjxAhzbif5jX/oUirvSoeApGNd/.,nuevo@email.com,admin,Sun Mar 23 2025 20:13:01 GMT-0600 (hora estándar central),Sun Mar 23 2025 20:13:01 GMT-0600 (hora estándar central),
7,2,$2b$10$4n2wYZ4w9jv1VQGVqoBDXOGw2OB5AMwvi7Z3S8.dZ4PDsP9YUrPAW,daf,admin,Mon Mar 24 2025 18:48:29 GMT-0600 (hora estándar central),Mon Mar 24 2025 18:48:29 GMT-0600 (hora estándar central),
9,8,$2b$10$Ak3FKCoCY6//XpnVoMt.q.FoETr/8Cpu6vP5PO/drYDOTM3nckuMy,daffs,admin,Mon Mar 24 2025 18:49:40 GMT-0600 (hora estándar central),Mon Mar 24 2025 18:49:40 GMT-0600 (hora estándar central),
10,9,$2b$10$/ChBhbnqh9lp0Cf12b6P1O4h5DFnpm1f7kNc0ohWu18OySqOHDMLu,daffsf,user,Mon Mar 24 2025 18:49:53 GMT-0600 (hora estándar central),Mon Mar 24 2025 18:49:53 GMT-0600 (hora estándar central),
11,12,$2b$10$5fkve9OHo6xeCwzIPPiaDuX.ezlplG/dT2Jv2lpx6mGW7rdIeC58u,dafdasfdf,admin,Mon Mar 24 2025 23:14:14 GMT-0600 (hora estándar central),Mon Mar 24 2025 23:14:14 GMT-0600 (hora estándar central),
14,166,$2b$10$BwcLAa7O9eeqJuWumCAAneygGdrJd9ddRQ.YjhBFQwU6q9qwZ.OqC,dafdasfdfjhkl,admin,Mon Mar 24 2025 23:17:46 GMT-0600 (hora estándar central),Mon Mar 24 2025 23:17:46 GMT-0600 (hora estándar central),
16,166j,$2b$10$5tDFGpWdPSprinusisw90uYvVtXZdhWQkpAU8Sc1tDtolklWFf7Fm,dafdasfdfjhkljnk,admin,Tue Mar 25 2025 00:01:44 GMT-0600 (hora estándar central),Tue Mar 25 2025 00:01:44 GMT-0600 (hora estándar central),
17,ddddddfffsdfsfdsaff,$2b$10$TKLEW0KV3PZp/xv6CmrRweZZVnhYyTqPutYgrO9PPKbgTMMqPWWim,fffhasdddfsaffsafdsdff@gmail.com,admin,Tue Mar 25 2025 12:01:19 GMT-0600 (hora estándar central),Tue Mar 25 2025 12:01:19 GMT-0600 (hora estándar central),06cde2c5-505b-40f3-a5eb-35c424782385
18,hola,$2b$10$eWkiW2mpc6m1oh88IlhS/e2CEidGFp3hKZ6O87RtsqzNsjHwk6FQu,hola@gmail.com,admin,Tue Mar 25 2025 12:01:49 GMT-0600 (hora estándar central),Tue Mar 25 2025 12:01:49 GMT-0600 (hora estándar central),128953ef-ae15-416c-8cf5-089745bd43d2
19,hola2,$2b$10$LIKRHeJKc431Qf1hVFsncOU9hq4VurQXB/K.70VZOybBv9hGKZ2N6,hola2@gmail.com,admin,Tue Mar 25 2025 12:14:39 GMT-0600 (hora estándar central),Tue Mar 25 2025 12:14:39 GMT-0600 (hora estándar central),7e06a0c1-f819-4b8e-a4e8-4e8fe5e2399d
20,hola3,$2b$10$QKKEhMPiMYzubYMUCgH11OlepnXMSnEm4yFaUQLYN6SgP8etoaBse,hola3@gmail.com,admin,Tue Mar 25 2025 13:04:41 GMT-0600 (hora estándar central),Tue Mar 25 2025 13:04:41 GMT-0600 (hora estándar central),ade01258-eab6-4572-a5fd-9979ff9301f4
21,hola4,$2b$10$0TTRezHTqfXAWbrupIL2EefVn.50nJFQZIdc22eToFq0jwsjo3Dr2,hola4@gmail.com,admin,Tue Mar 25 2025 13:09:38 GMT-0600 (hora estándar central),Tue Mar 25 2025 13:09:38 GMT-0600 (hora estándar central),9d76a170-87c2-4627-9ac5-1e01c5e51cf2
22,testuser,$2b$10$dMraA/CDcARVjLr/4dlFgOjDqQAgbvcHd8iopEaiXXocOT0xGOR.K,test@example.com,user,Tue Mar 25 2025 15:57:38 GMT-0600 (hora estándar central),Tue Mar 25 2025 15:57:38 GMT-0600 (hora estándar central),603a04cb-fc7a-46cd-b3c6-a4216fb49bf4
24,testusefr2,,testdd2@example.com,admin,Tue Mar 25 2025 16:02:47 GMT-0600 (hora estándar central),Tue Mar 25 2025 16:02:47 GMT-0600 (hora estándar central),79e93f6a-6158-4c43-a93f-0021f8a0a44c
25,mitzy,,mitzy@example.com,admin,Tue Mar 25 2025 16:03:47 GMT-0600 (hora estándar central),Tue Mar 25 2025 16:03:47 GMT-0600 (hora estándar central),5ba03f65-c7ec-4cbb-8e84-25be0596eb2b
26,Larue_Witting,i2BblDCACTcRMbN,Jacey40@gmail.com,user,Tue Jun 24 2025 15:04:03 GMT-0600 (hora estándar central),Tue Jun 24 2025 15:04:03 GMT-0600 (hora estándar central),be0ece55-e0f7-43ac-9a12-fcf14fbcd627
27,May.Pouros,r4yyEuI4eIG2OC3,Alize63@hotmail.com,user,Tue Jun 24 2025 15:04:03 GMT-0600 (hora estándar central),Tue Jun 24 2025 15:04:03 GMT-0600 (hora estándar central),74c59995-1741-4a79-afc2-c4a43ce130ff
28,Saul_Bode,LEjKcmlgzbkRWQX,Darrick_Wiza-Bailey67@hotmail.com,user,Tue Jun 24 2025 15:04:03 GMT-0600 (hora estándar central),Tue Jun 24 2025 15:04:03 GMT-0600 (hora estándar central),d724a96b-10af-4c31-a520-1b8bfdf7824a
29,Clinton_Kohler84,8mr377TK3gZLJOx,Aisha33@gmail.com,user,Tue Jun 24 2025 15:04:03 GMT-0600 (hora estándar central),Tue Jun 24 2025 15:04:03 GMT-0600 (hora estándar central),9d101343-e6fe-43b4-b6d1-0d421b3fc92d
30,Torey37,4LrGi1NEDurg6hd,Jovani.Rosenbaum@yahoo.com,user,Tue Jun 24 2025 15:04:03 GMT-0600 (hora estándar central),Tue Jun 24 2025 15:04:03 GMT-0600 (hora estándar central),019aa51e-803b-4f28-ac4a-0062eb1862e6
31,Rowland11,kXLD5wmWJAbygpW,Rosemarie.Rowe@gmail.com,user,Tue Jun 24 2025 15:04:03 GMT-0600 (hora estándar central),Tue Jun 24 2025 15:04:03 GMT-0600 (hora estándar central),033f5c06-9961-4a71-b056-4ced21b9fe67
32,Phoebe87,_aidNtKykplXcKY,Jan52@yahoo.com,user,Tue Jun 24 2025 15:04:03 GMT-0600 (hora estándar central),Tue Jun 24 2025 15:04:03 GMT-0600 (hora estándar central),2f9c53c2-6110-4bf7-8e4d-b27a375deda0
33,Desiree_Block75,T4aFzk9rJtc5EHj,Alexandre_Kuhlman@gmail.com,user,Tue Jun 24 2025 15:04:03 GMT-0600 (hora estándar central),Tue Jun 24 2025 15:04:03 GMT-0600 (hora estándar central),d9a0732b-0636-45ba-97df-a5dbd71178ff
34,Rozella68,WdTo1YcBPr39sk5,Gudrun.Rutherford@gmail.com,user,Tue Jun 24 2025 15:04:03 GMT-0600 (hora estándar central),Tue Jun 24 2025 15:04:03 GMT-0600 (hora estándar central),be2d9340-4300-4099-8282-26b1bfc4c704
35,Ottilie_Hessel39,jHtqoC3Uq4iDDCd,Delta_Cormier@yahoo.com,user,Tue Jun 24 2025 15:04:03 GMT-0600 (hora estándar central),Tue Jun 24 2025 15:04:03 GMT-0600 (hora estándar central),b86db441-fa67-4373-a094-03e5ae8e3c54
36,Alvis.Schowalter,qCDuwSd9L9gEUMA,Agustina.Franey63@yahoo.com,user,Tue Jun 24 2025 15:04:03 GMT-0600 (hora estándar central),Tue Jun 24 2025 15:04:03 GMT-0600 (hora estándar central),93da50cb-f272-4102-9792-352d98bd3ee0
37,Bernice.King,I6kktjFtpo1jWke,Casper63@hotmail.com,user,Tue Jun 24 2025 15:04:03 GMT-0600 (hora estándar central),Tue Jun 24 2025 15:04:03 GMT-0600 (hora estándar central),55be9005-bbf1-4871-91b6-fff2634a79f4
38,Clyde.Anderson,X6f99wCVJgdcSHz,Stephania0@yahoo.com,user,Tue Jun 24 2025 15:04:03 GMT-0600 (hora estándar central),Tue Jun 24 2025 15:04:03 GMT-0600 (hora estándar central),2998b073-8c90-4178-8a9a-d4cc7ce849fe
39,Lavinia_Yost24,m3JSUHrR_EhVM2q,Herta_Bradtke55@yahoo.com,user,Tue Jun 24 2025 15:04:03 GMT-0600 (hora estándar central),Tue Jun 24 2025 15:04:03 GMT-0600 (hora estándar central),20ac2530-e2cd-4605-81f0-a783e4a0b6fb
40,Shaylee.Wintheiser84,7IHGy7Cw_JZmaOG,Ollie.Torphy17@hotmail.com,user,Tue Jun 24 2025 15:04:03 GMT-0600 (hora estándar central),Tue Jun 24 2025 15:04:03 GMT-0600 (hora estándar central),7f86f333-518c-4509-b1b2-32fdd5757fc7
41,Dayton_Langosh97,l4v4FYoAXVzo7J8,Tyson86@gmail.com,user,Tue Jun 24 2025 15:04:03 GMT-0600 (hora estándar central),Tue Jun 24 2025 15:04:03 GMT-0600 (hora estándar central),f64599c9-0253-472e-84ca-6b458aa3a016
42,Marianna.Nolan18,ALLvK4yUFvPK3uc,Rita24@yahoo.com,user,Tue Jun 24 2025 15:04:03 GMT-0600 (hora estándar central),Tue Jun 24 2025 15:04:03 GMT-0600 (hora estándar central),d4ec3d2b-8a8c-4ac8-aa15-d32a246221ec
43,Ashlynn_Lesch65,5KoEcOrrzjLcPgl,Matilda_Treutel@gmail.com,user,Tue Jun 24 2025 15:04:03 GMT-0600 (hora estándar central),Tue Jun 24 2025 15:04:03 GMT-0600 (hora estándar central),36e2b78c-18df-4b11-8557-e6ea0f5b40d1
44,Patricia.Crooks,9SSdyfO0m_tAwFS,Okey60@hotmail.com,user,Tue Jun 24 2025 15:04:03 GMT-0600 (hora estándar central),Tue Jun 24 2025 15:04:03 GMT-0600 (hora estándar central),3ea706a0-f68a-4197-b8fa-01de369d8b54
45,Carson_Williamson10,oQt4StVtP1TXQmS,Sylvester_Kemmer1@hotmail.com,user,Tue Jun 24 2025 15:04:03 GMT-0600 (hora estándar central),Tue Jun 24 2025 15:04:03 GMT-0600 (hora estándar central),f1925948-a8d8-4d25-9730-9b5f421c2489
46,Nathan.Gusikowski9,lNj0d_taJi1sHMH,Zita_Parker@yahoo.com,user,Tue Jun 24 2025 15:13:17 GMT-0600 (hora estándar central),Tue Jun 24 2025 15:13:17 GMT-0600 (hora estándar central),e29701c5-6fe2-494b-8c8c-03a1523b9c59
47,Lulu16,LWhgR1cLg4DX2CM,Garry41@yahoo.com,user,Tue Jun 24 2025 15:13:17 GMT-0600 (hora estándar central),Tue Jun 24 2025 15:13:17 GMT-0600 (hora estándar central),c504052d-320b-4eb9-a756-89ef31486026
48,Benny_Klein12,5uY1I_zpb8FkCPZ,Derick_Auer@hotmail.com,user,Tue Jun 24 2025 15:13:17 GMT-0600 (hora estándar central),Tue Jun 24 2025 15:13:17 GMT-0600 (hora estándar central),ad43410a-aaab-4e27-88dc-42ee13f7781b
49,Jeanette.Rodriguez,iIKTdN5S4mopwYN,Eliza_Bartell@gmail.com,user,Tue Jun 24 2025 15:13:17 GMT-0600 (hora estándar central),Tue Jun 24 2025 15:13:17 GMT-0600 (hora estándar central),613cf9cb-b2f4-435f-8663-8649b7d10d6a
50,Paige92,U6bzZipn_GJpgTs,Keeley_Koch24@hotmail.com,user,Tue Jun 24 2025 15:13:17 GMT-0600 (hora estándar central),Tue Jun 24 2025 15:13:17 GMT-0600 (hora estándar central),fdd1005a-958e-4763-9f71-c3705c3e8c67
51,Vida14,8Y1pSHK_FFeP8mp,Kennedi_Cronin@hotmail.com,user,Tue Jun 24 2025 15:13:17 GMT-0600 (hora estándar central),Tue Jun 24 2025 15:13:17 GMT-0600 (hora estándar central),e7e774a1-5a70-4712-a3c3-8fae7314c233
52,Ernest19,YXE9HaCPyckbsNO,Reanna_Fay@hotmail.com,user,Tue Jun 24 2025 15:13:17 GMT-0600 (hora estándar central),Tue Jun 24 2025 15:13:17 GMT-0600 (hora estándar central),ddec4487-9da3-4c0d-adf7-7b00a69714f6
53,Leland_Hintz,EHcsQlBOtIAFffe,Caroline.Ryan@hotmail.com,user,Tue Jun 24 2025 15:13:17 GMT-0600 (hora estándar central),Tue Jun 24 2025 15:13:17 GMT-0600 (hora estándar central),fde90384-6486-4767-90c9-56ad7eeb575d
54,Dave_Corkery44,dJsUf9iiJgZGu2c,Darian8@gmail.com,user,Tue Jun 24 2025 15:13:17 GMT-0600 (hora estándar central),Tue Jun 24 2025 15:13:17 GMT-0600 (hora estándar central),28d772d5-fd99-4764-934e-4b50c5da5a0f
55,Leora_Howe,MNXYBnRDipOSJBf,Liliana_Wyman85@hotmail.com,user,Tue Jun 24 2025 15:13:17 GMT-0600 (hora estándar central),Tue Jun 24 2025 15:13:17 GMT-0600 (hora estándar central),d31c8611-6e86-4a2f-8b30-743cb85521d9
56,Keagan_Baumbach30,iHrLIALDgy8iR6Q,Fay56@gmail.com,user,Tue Jun 24 2025 15:13:17 GMT-0600 (hora estándar central),Tue Jun 24 2025 15:13:17 GMT-0600 (hora estándar central),48f51177-0f18-449a-a947-9a05fa9f0dd2
57,Nella24,lXgFqaEjPkSFtNO,Angela_Ratke@yahoo.com,user,Tue Jun 24 2025 15:13:17 GMT-0600 (hora estándar central),Tue Jun 24 2025 15:13:17 GMT-0600 (hora estándar central),d1b4ba9f-a08b-4b4e-8dee-3fc9e71fb664
58,Ellis_Quigley8,IC7xM3wt4vfmenB,Norma_Johns@hotmail.com,user,Tue Jun 24 2025 15:13:17 GMT-0600 (hora estándar central),Tue Jun 24 2025 15:13:17 GMT-0600 (hora estándar central),d80de64e-5bc0-41c6-bdb8-cef5dc5e9bd9
59,Jennyfer_Farrell,OgE4AjDB9yRtifU,Shakira_Goodwin71@gmail.com,user,Tue Jun 24 2025 15:13:17 GMT-0600 (hora estándar central),Tue Jun 24 2025 15:13:17 GMT-0600 (hora estándar central),2d8267e0-1f08-441e-8abc-413c43fd1275
60,Onie_Murray87,I0O9DKXfSVxpNKn,Ashly_Osinski@hotmail.com,user,Tue Jun 24 2025 15:13:17 GMT-0600 (hora estándar central),Tue Jun 24 2025 15:13:17 GMT-0600 (hora estándar central),28087daf-86f0-46b7-89ff-2e5ae39aa6c5
61,Andy.Schmeler62,9Z_gPpfyX6nt8ys,Odessa93@yahoo.com,user,Tue Jun 24 2025 15:13:17 GMT-0600 (hora estándar central),Tue Jun 24 2025 15:13:17 GMT-0600 (hora estándar central),5495dedb-8572-4314-afb7-27832cc0ffd1
62,Esta_OKeefe,WRT1GCwxo0MFQGM,Ursula.Wyman-Rodriguez@yahoo.com,user,Tue Jun 24 2025 15:13:17 GMT-0600 (hora estándar central),Tue Jun 24 2025 15:13:17 GMT-0600 (hora estándar central),362eb657-0780-4a79-a34f-a60ce82f14f8
63,Kyler.Legros46,bkIQyHJ947kRxkT,Haleigh30@hotmail.com,user,Tue Jun 24 2025 15:13:17 GMT-0600 (hora estándar central),Tue Jun 24 2025 15:13:17 GMT-0600 (hora estándar central),b2240448-58ac-4f8c-b18f-ec639cf41882
64,Esteban_Stracke,fOJRMPli7GCwFan,Johan41@yahoo.com,user,Tue Jun 24 2025 15:13:17 GMT-0600 (hora estándar central),Tue Jun 24 2025 15:13:17 GMT-0600 (hora estándar central),cbc53b3b-82e1-4b99-ae2f-3e97311362f8
65,Sven88,SPnayHwPeyGGvEM,Dereck_Hermiston@gmail.com,user,Tue Jun 24 2025 15:13:17 GMT-0600 (hora estándar central),Tue Jun 24 2025 15:13:17 GMT-0600 (hora estándar central),b2dbe14f-41f7-4ee3-893a-b9c36fe7c18e
66,Osbaldo.Purdy,5zBjm_m1na2msTh,Estefania.Okuneva63@hotmail.com,user,Tue Jun 24 2025 15:17:53 GMT-0600 (hora estándar central),Tue Jun 24 2025 15:17:53 GMT-0600 (hora estándar central),c20c7f37-bbc5-4313-86d7-8b927b64cebf
67,Hellen.Thompson13,AuJDD0mJAp6gBHP,Khalid53@hotmail.com,user,Tue Jun 24 2025 15:17:53 GMT-0600 (hora estándar central),Tue Jun 24 2025 15:17:53 GMT-0600 (hora estándar central),7d4b367d-a208-4852-961c-04cb2fa86626
68,Brody21,49u2fr8aSzqhkYS,Brody.Schmidt-Lockman@yahoo.com,user,Tue Jun 24 2025 15:17:53 GMT-0600 (hora estándar central),Tue Jun 24 2025 15:17:53 GMT-0600 (hora estándar central),92c64d87-4499-42df-a1cf-cdbd5e661a6a
69,Hilbert_Funk,ZG2xRJF5UWPCxvv,Zelma77@gmail.com,user,Tue Jun 24 2025 15:17:53 GMT-0600 (hora estándar central),Tue Jun 24 2025 15:17:53 GMT-0600 (hora estándar central),21e199ad-1278-4639-af06-b034ab862ef7
70,Monroe_Armstrong86,IyAyLbRgRkaubYf,Aisha_Aufderhar@yahoo.com,user,Tue Jun 24 2025 15:17:53 GMT-0600 (hora estándar central),Tue Jun 24 2025 15:17:53 GMT-0600 (hora estándar central),e44924be-bd2e-4721-aefe-01a250253704
71,Rosalind.Stroman,T1lk9rRrFuZtirl,Alexandra88@hotmail.com,user,Tue Jun 24 2025 15:17:53 GMT-0600 (hora estándar central),Tue Jun 24 2025 15:17:53 GMT-0600 (hora estándar central),f38b4bc3-2232-413b-887c-59e6febb13a8
72,Clemmie.Lubowitz,pp8uNCDmOIBEXVC,Martine8@yahoo.com,user,Tue Jun 24 2025 15:17:53 GMT-0600 (hora estándar central),Tue Jun 24 2025 15:17:53 GMT-0600 (hora estándar central),d3a17e26-33e7-4142-8c68-547a874ec9fe
73,Colleen67,Kpr0MPKRyozTh3L,Emmalee_Franecki@hotmail.com,user,Tue Jun 24 2025 15:17:53 GMT-0600 (hora estándar central),Tue Jun 24 2025 15:17:53 GMT-0600 (hora estándar central),9743499f-eb5b-45f3-961a-c57fc05e1c52
74,Frieda56,ZeCmf4EmLpmHZJV,Travon.Zboncak29@yahoo.com,user,Tue Jun 24 2025 15:17:53 GMT-0600 (hora estándar central),Tue Jun 24 2025 15:17:53 GMT-0600 (hora estándar central),5a050fdd-c2d3-4b5b-9e2c-5d2df129058a
75,Dylan40,1hP9BQImrQX_AZt,Austin_Jenkins81@gmail.com,user,Tue Jun 24 2025 15:17:53 GMT-0600 (hora estándar central),Tue Jun 24 2025 15:17:53 GMT-0600 (hora estándar central),155738a8-2ab3-4b38-b0bc-f6c7283273b2
76,Patsy_Lang,O3xPl6K9mIF_r5h,Cody_Hoppe@gmail.com,user,Tue Jun 24 2025 15:17:53 GMT-0600 (hora estándar central),Tue Jun 24 2025 15:17:53 GMT-0600 (hora estándar central),df7c1989-7818-48d9-bafc-7c4ab6a2ec7f
77,Tanner.Moen61,fUHD42s7K8c3rL5,Lawrence54@hotmail.com,user,Tue Jun 24 2025 15:17:53 GMT-0600 (hora estándar central),Tue Jun 24 2025 15:17:53 GMT-0600 (hora estándar central),e9e65ade-4df4-4758-b617-27be3c1655e5
78,Ralph.Stiedemann14,AhRBWDwUrFTWCp4,Bailey.Quigley@gmail.com,user,Tue Jun 24 2025 15:17:53 GMT-0600 (hora estándar central),Tue Jun 24 2025 15:17:53 GMT-0600 (hora estándar central),f731e058-17d5-4174-b8c0-f1cb25b376a6
79,Callie.Schumm,i3PKb5DGe6sB0vk,Kathryn.Osinski69@yahoo.com,user,Tue Jun 24 2025 15:17:53 GMT-0600 (hora estándar central),Tue Jun 24 2025 15:17:53 GMT-0600 (hora estándar central),83ac245e-3ce2-4f19-b30a-3070bab90516
80,Marion.Hahn1,NUvFk7HaIKp0IrW,May73@gmail.com,user,Tue Jun 24 2025 15:17:53 GMT-0600 (hora estándar central),Tue Jun 24 2025 15:17:53 GMT-0600 (hora estándar central),8761d00e-1829-492a-8ac7-84be1c0e7933
81,Suzanne.Padberg,ea3mFIpqmqxszFS,Natalia42@hotmail.com,user,Tue Jun 24 2025 15:17:53 GMT-0600 (hora estándar central),Tue Jun 24 2025 15:17:53 GMT-0600 (hora estándar central),c75db039-dd8e-48ca-b45e-77b623fb23fc
82,Terrence92,K9KpJDyxhI3O2Zz,Buster15@yahoo.com,user,Tue Jun 24 2025 15:17:53 GMT-0600 (hora estándar central),Tue Jun 24 2025 15:17:53 GMT-0600 (hora estándar central),58723bbb-e06f-4ff5-8e9d-591d013eb46e
83,Mallory17,4DomlcoPYB_Wtmx,Dejah.Bogisich66@gmail.com,user,Tue Jun 24 2025 15:17:53 GMT-0600 (hora estándar central),Tue Jun 24 2025 15:17:53 GMT-0600 (hora estándar central),0140a2d7-7a2a-40f1-9f01-fbaa86c87ee4
84,Lewis_Murphy-Keebler,6z721rqAsV4u34b,Terence.Medhurst-Klocko@hotmail.com,user,Tue Jun 24 2025 15:17:53 GMT-0600 (hora estándar central),Tue Jun 24 2025 15:17:53 GMT-0600 (hora estándar central),97655580-cc3f-4d8e-b0e3-ce427525a797
85,Hanna.VonRueden0,YaFus_vt6wI4ooQ,Aliyah_Gulgowski24@hotmail.com,user,Tue Jun 24 2025 15:17:53 GMT-0600 (hora estándar central),Tue Jun 24 2025 15:17:53 GMT-0600 (hora estándar central),d3873ab1-8340-45ad-9bd4-8968b62d96ac
86,Roselyn.Gulgowski73,WI6X4s0HDVu3WMH,Anika_Jast77@gmail.com,user,Tue Jun 24 2025 15:23:14 GMT-0600 (hora estándar central),Tue Jun 24 2025 15:23:14 GMT-0600 (hora estándar central),aecfbefa-3a65-4769-a596-61cbcc44d6b0
87,Ed77,CXR2_lpSA5O2XfS,Lesley.Goodwin@hotmail.com,user,Tue Jun 24 2025 15:23:14 GMT-0600 (hora estándar central),Tue Jun 24 2025 15:23:14 GMT-0600 (hora estándar central),00aca4ff-5c31-4da1-9dff-14431ff5c06d
88,Marietta.Mayert93,BOVsZ8nzczRrQF3,Carli.Hyatt@gmail.com,user,Tue Jun 24 2025 15:23:14 GMT-0600 (hora estándar central),Tue Jun 24 2025 15:23:14 GMT-0600 (hora estándar central),fc44845e-234b-4f1d-bfca-00ecbbf552b7
89,Reginald.Stiedemann98,OVNVMFsNqDLUMYy,Bettye.Bartoletti68@yahoo.com,user,Tue Jun 24 2025 15:23:14 GMT-0600 (hora estándar central),Tue Jun 24 2025 15:23:14 GMT-0600 (hora estándar central),8b0d6344-0e81-4fbb-afe0-99375c27b143
90,Gwen.Schultz,PvEHZy9LJI8ATO9,Elliott_Anderson@hotmail.com,user,Tue Jun 24 2025 15:23:14 GMT-0600 (hora estándar central),Tue Jun 24 2025 15:23:14 GMT-0600 (hora estándar central),44f96922-e099-43fa-b7b9-eb13ae0a7f99
91,Shane75,EvNoJD90qTv_bmS,Boyd_Smitham@yahoo.com,user,Tue Jun 24 2025 15:23:14 GMT-0600 (hora estándar central),Tue Jun 24 2025 15:23:14 GMT-0600 (hora estándar central),dbd8651c-d1b8-4387-8163-59d1108e8c60
92,Alexandria.Ullrich,HMnxZxMAmB5wlrr,Herminia_Corwin44@gmail.com,user,Tue Jun 24 2025 15:23:14 GMT-0600 (hora estándar central),Tue Jun 24 2025 15:23:14 GMT-0600 (hora estándar central),807c4858-0e5f-4ceb-a4b7-d742be1c5562
93,Ferne22,i6GRTi9nlTqykSb,Kristy_Kihn44@gmail.com,user,Tue Jun 24 2025 15:23:14 GMT-0600 (hora estándar central),Tue Jun 24 2025 15:23:14 GMT-0600 (hora estándar central),79f067d4-beba-4d50-8ffb-93d9565f2df0
94,Burdette59,4gGZ_RRb_fS4JrZ,Maggie.Gerhold@gmail.com,user,Tue Jun 24 2025 15:23:14 GMT-0600 (hora estándar central),Tue Jun 24 2025 15:23:14 GMT-0600 (hora estándar central),17ac11ed-4257-485e-8251-12b8d6331898
95,Savannah_Emard,rgMLA8ul9EZfxZp,Keven80@yahoo.com,user,Tue Jun 24 2025 15:23:14 GMT-0600 (hora estándar central),Tue Jun 24 2025 15:23:14 GMT-0600 (hora estándar central),25dec1fd-110d-42ae-95e1-94dd5dde7451
96,Elijah_Reilly,7rf4vS4NqGDwPtV,Dion_Luettgen@hotmail.com,user,Tue Jun 24 2025 15:23:14 GMT-0600 (hora estándar central),Tue Jun 24 2025 15:23:14 GMT-0600 (hora estándar central),afb53271-f2cc-46be-b258-f3b72aef3b85
97,Sean.Witting50,PWMlVdqrYndo9zA,Jaquan_Von@yahoo.com,user,Tue Jun 24 2025 15:23:14 GMT-0600 (hora estándar central),Tue Jun 24 2025 15:23:14 GMT-0600 (hora estándar central),66c021ee-3deb-4d5a-b01b-b9538cf670f1
98,Ahmed89,yhN1mwkx8wRRyWt,Aleen_Huels@hotmail.com,user,Tue Jun 24 2025 15:23:14 GMT-0600 (hora estándar central),Tue Jun 24 2025 15:23:14 GMT-0600 (hora estándar central),645a6d46-d1a4-473c-9389-cb3276ac176d
99,Rollin_Dare69,XrGq9BeycMbZNiU,Elwin92@gmail.com,user,Tue Jun 24 2025 15:23:14 GMT-0600 (hora estándar central),Tue Jun 24 2025 15:23:14 GMT-0600 (hora estándar central),ae0bc4ab-0217-4fe0-a571-549661286bef
100,Sherman_Boehm58,6lLyVTrquX4PTC9,Raven_Bashirian46@yahoo.com,user,Tue Jun 24 2025 15:23:14 GMT-0600 (hora estándar central),Tue Jun 24 2025 15:23:14 GMT-0600 (hora estándar central),cf0a9054-c78c-48ce-bf96-2c97249d28c4
101,Deon.Langosh4,fmLCBeVK4atDcYZ,Karlee.Zemlak95@gmail.com,user,Tue Jun 24 2025 15:23:14 GMT-0600 (hora estándar central),Tue Jun 24 2025 15:23:14 GMT-0600 (hora estándar central),6711b978-6b41-482e-a37c-aa889082944e
102,Alexis_Homenick,CDzNihK9gMvhMrG,Zola86@gmail.com,user,Tue Jun 24 2025 15:23:14 GMT-0600 (hora estándar central),Tue Jun 24 2025 15:23:14 GMT-0600 (hora estándar central),e2bfc1e2-a60f-43dc-9cff-9c6b677fcc58
103,Hugh48,R56zwUPsZx0gbFP,Manuel.Marks@hotmail.com,user,Tue Jun 24 2025 15:23:14 GMT-0600 (hora estándar central),Tue Jun 24 2025 15:23:14 GMT-0600 (hora estándar central),2c489258-6423-4817-9ded-b7aa0debf323
104,Kaylin.Mohr,noekmG0hXqG4k87,Electa_Ziemann64@yahoo.com,user,Tue Jun 24 2025 15:23:14 GMT-0600 (hora estándar central),Tue Jun 24 2025 15:23:14 GMT-0600 (hora estándar central),d77ed26f-c29e-4b52-9c2a-b7f099e4dc44
105,Santa_Runolfsdottir,cR_40S_78WzMpAf,Celine.Feil@hotmail.com,user,Tue Jun 24 2025 15:23:14 GMT-0600 (hora estándar central),Tue Jun 24 2025 15:23:14 GMT-0600 (hora estándar central),8ba8281b-81f6-4944-91d7-746e5ddc4802
106,Christa.Schmidt67,r0IiHEvVt1eSKtF,Sammie.Sauer@yahoo.com,user,Tue Jun 24 2025 15:37:31 GMT-0600 (hora estándar central),Tue Jun 24 2025 15:37:31 GMT-0600 (hora estándar central),28ef3677-1992-4fbc-9437-4f487aa09ad1
107,Arvid.Schiller82,cJ0ye0A_eusIveR,Claude53@hotmail.com,user,Tue Jun 24 2025 15:37:31 GMT-0600 (hora estándar central),Tue Jun 24 2025 15:37:31 GMT-0600 (hora estándar central),eb153fdd-37a5-454f-a4cf-7779588d7831
108,Bulah.Bradtke36,UT8Xqm3a1krEvIM,Emma66@gmail.com,user,Tue Jun 24 2025 15:37:31 GMT-0600 (hora estándar central),Tue Jun 24 2025 15:37:31 GMT-0600 (hora estándar central),d7cd8e83-83e4-4596-8961-016199e34f27
109,Brenden_Lang30,oOFHsdZHChyeVea,Saige_Oberbrunner64@yahoo.com,user,Tue Jun 24 2025 15:37:31 GMT-0600 (hora estándar central),Tue Jun 24 2025 15:37:31 GMT-0600 (hora estándar central),9640e6e6-6258-40e8-bfdd-1571b5ef0ae3
110,Kaleigh_Schiller70,fRwlj_jMZ95aqbT,Carlee.Gislason@gmail.com,user,Tue Jun 24 2025 15:37:31 GMT-0600 (hora estándar central),Tue Jun 24 2025 15:37:31 GMT-0600 (hora estándar central),4986a0fc-d6c2-44f6-88e6-8cff1e777bcc
111,Ruth14,gWBQR6R3GzT6HOH,Kiley_Zieme31@hotmail.com,user,Tue Jun 24 2025 15:37:31 GMT-0600 (hora estándar central),Tue Jun 24 2025 15:37:31 GMT-0600 (hora estándar central),5ce8a3c5-dd5a-4247-b4c4-c4867847533f
112,Adell86,m3dkTfuagP_Q6cd,Maymie13@gmail.com,user,Tue Jun 24 2025 15:37:31 GMT-0600 (hora estándar central),Tue Jun 24 2025 15:37:31 GMT-0600 (hora estándar central),25b0319c-dd5a-42b9-a2f0-e481548df0a9
113,Kirk4,_7giNKzVHjRLAPc,Maurine_Leannon@gmail.com,user,Tue Jun 24 2025 15:37:31 GMT-0600 (hora estándar central),Tue Jun 24 2025 15:37:31 GMT-0600 (hora estándar central),ea685fc6-68c9-4b55-9e8e-cd75308abaa2
114,Darrion24,wrofklsLzwgXSZo,Myrtice_Ortiz59@gmail.com,user,Tue Jun 24 2025 15:37:31 GMT-0600 (hora estándar central),Tue Jun 24 2025 15:37:31 GMT-0600 (hora estándar central),53af7d41-193f-47b2-994e-7bfbf04549b7
115,Lisandro_Bahringer17,SAjtdK3q59RZ0wF,Jerrold.Tremblay@gmail.com,user,Tue Jun 24 2025 15:37:31 GMT-0600 (hora estándar central),Tue Jun 24 2025 15:37:31 GMT-0600 (hora estándar central),a6796c49-7fc0-4c70-bd88-ebe423f0025e
116,Kaitlyn22,9EJwIipmJ0jVbDZ,Verna_Willms-Kuhlman7@hotmail.com,user,Tue Jun 24 2025 15:37:31 GMT-0600 (hora estándar central),Tue Jun 24 2025 15:37:31 GMT-0600 (hora estándar central),0a317702-ccf0-401d-9f46-9e21250e686b
117,Adella_Heaney11,BkLJjMDtI30RfGf,Paige.Fahey@gmail.com,user,Tue Jun 24 2025 15:37:31 GMT-0600 (hora estándar central),Tue Jun 24 2025 15:37:31 GMT-0600 (hora estándar central),b4e3c324-24ff-449b-be96-9fd3a7eed849
118,Tavares87,Ufb01RNbKK_9IEp,Monte_Bashirian17@gmail.com,user,Tue Jun 24 2025 15:37:31 GMT-0600 (hora estándar central),Tue Jun 24 2025 15:37:31 GMT-0600 (hora estándar central),b4ade65f-efe9-450c-abc0-5da869a720fe
119,Shanel93,dwWYHnsnXtUHJM1,Shaun30@hotmail.com,user,Tue Jun 24 2025 15:37:31 GMT-0600 (hora estándar central),Tue Jun 24 2025 15:37:31 GMT-0600 (hora estándar central),d126d249-3ab8-4cd6-b33b-f5e3ef80b21e
120,Brady36,IabS_6NF780Lq_b,Josianne_Douglas@yahoo.com,user,Tue Jun 24 2025 15:37:31 GMT-0600 (hora estándar central),Tue Jun 24 2025 15:37:31 GMT-0600 (hora estándar central),59100d8d-bf87-4a7b-be51-f93da2d03d7e
121,Seth_Bradtke95,adH2rFPI5i2rSGc,Maximus_Conn-Feil72@gmail.com,user,Tue Jun 24 2025 15:37:31 GMT-0600 (hora estándar central),Tue Jun 24 2025 15:37:31 GMT-0600 (hora estándar central),90f13a52-c662-4205-aaa5-d4816830551d
122,Chasity.Crona1,ypN3EgJ3f_1f3lq,Floy_Goldner@hotmail.com,user,Tue Jun 24 2025 15:37:31 GMT-0600 (hora estándar central),Tue Jun 24 2025 15:37:31 GMT-0600 (hora estándar central),fd17de39-4012-4cd6-82f5-110938342ba4
123,Abby_Bauch,2V2nU0mCDRkZjOa,Enos47@hotmail.com,user,Tue Jun 24 2025 15:37:31 GMT-0600 (hora estándar central),Tue Jun 24 2025 15:37:31 GMT-0600 (hora estándar central),bad9298c-51f1-4866-88f0-cebab0af0fa9
124,Tavares_Leuschke31,3Dps62Prw_moPYC,Bart5@gmail.com,user,Tue Jun 24 2025 15:37:31 GMT-0600 (hora estándar central),Tue Jun 24 2025 15:37:31 GMT-0600 (hora estándar central),ea5249a6-9df0-4bb7-bbc1-dddae1d03638
125,Uriel.Sauer,b0Qlbh4PqoSGkX6,Mervin_Hilll40@gmail.com,user,Tue Jun 24 2025 15:37:31 GMT-0600 (hora estándar central),Tue Jun 24 2025 15:37:31 GMT-0600 (hora estándar central),6c05f766-1e1e-433a-9459-82651f911559
126,Kariane.Reichel75,wjwbLGYq5XwjP_8,Marta_Marvin62@gmail.com,user,Tue Jun 24 2025 15:51:47 GMT-0600 (hora estándar central),Tue Jun 24 2025 15:51:47 GMT-0600 (hora estándar central),7b035711-eda6-4b73-9655-23793fcc9d66
127,Payton_Klein,vRml8vhU9cPAh24,Michelle8@gmail.com,user,Tue Jun 24 2025 15:51:48 GMT-0600 (hora estándar central),Tue Jun 24 2025 15:51:48 GMT-0600 (hora estándar central),4e01a319-4eca-4eea-94e3-4ab5ad15dd8b
128,Jennyfer_Flatley,iqXLLnpphkJYp8z,Don74@yahoo.com,user,Tue Jun 24 2025 15:51:48 GMT-0600 (hora estándar central),Tue Jun 24 2025 15:51:48 GMT-0600 (hora estándar central),4171e0d5-2712-4814-b357-15bb086f2f9e
129,Ardella_McDermott72,v5EcgVDPpR0WHtK,Emmanuelle_Crooks@hotmail.com,user,Tue Jun 24 2025 15:51:48 GMT-0600 (hora estándar central),Tue Jun 24 2025 15:51:48 GMT-0600 (hora estándar central),92ca4077-d446-4cce-8dd5-bd170af8f26c
130,Mazie21,907IXLX7BSOKQEZ,Gerhard_Effertz73@gmail.com,user,Tue Jun 24 2025 15:51:48 GMT-0600 (hora estándar central),Tue Jun 24 2025 15:51:48 GMT-0600 (hora estándar central),7655384f-1b8d-44ff-bb53-8ce3999641b2
131,Kiara_Bruen97,QjDjeTmfBJzkdyb,Clemens_Wolf62@gmail.com,user,Tue Jun 24 2025 15:51:48 GMT-0600 (hora estándar central),Tue Jun 24 2025 15:51:48 GMT-0600 (hora estándar central),41525f85-5706-4a0f-b375-512e3d765874
132,Kacey56,teO0pRFbNM00Gg7,Connie.Harvey@hotmail.com,user,Tue Jun 24 2025 15:51:48 GMT-0600 (hora estándar central),Tue Jun 24 2025 15:51:48 GMT-0600 (hora estándar central),67b55d06-e897-49ec-956f-0c5a40576538
133,Mario.Casper,5H7gbj8OOiOoUvN,Francisca21@gmail.com,user,Tue Jun 24 2025 15:51:48 GMT-0600 (hora estándar central),Tue Jun 24 2025 15:51:48 GMT-0600 (hora estándar central),ab2b45ba-8e1b-4c9e-9e43-afa75ab93b0b
134,Garret_Pouros51,F_THVLRCiAZY9eO,Dion22@yahoo.com,user,Tue Jun 24 2025 15:51:48 GMT-0600 (hora estándar central),Tue Jun 24 2025 15:51:48 GMT-0600 (hora estándar central),e0e44c21-6f82-4c1d-aed5-5919a7310f75
135,Sabryna.Olson80,h_vEX5u7wNlASXf,Diego58@yahoo.com,user,Tue Jun 24 2025 15:51:48 GMT-0600 (hora estándar central),Tue Jun 24 2025 15:51:48 GMT-0600 (hora estándar central),567b7462-e03c-452e-bc45-d2f06406fab8
136,Josiane_Dickens24,HmNnWFQXa9_xWc1,Tobin.Frami@gmail.com,user,Tue Jun 24 2025 15:51:48 GMT-0600 (hora estándar central),Tue Jun 24 2025 15:51:48 GMT-0600 (hora estándar central),0da34340-73e0-4236-85d9-896c2a083245
137,Antonina37,2vs2Zgke1bVZLvx,Camden_Gleichner@gmail.com,user,Tue Jun 24 2025 15:51:48 GMT-0600 (hora estándar central),Tue Jun 24 2025 15:51:48 GMT-0600 (hora estándar central),3eb1419f-b1f4-4bdd-ad9c-64719c04751c
138,Leo3,hYB2iKsRLqLh37x,Chandler.Ernser@gmail.com,user,Tue Jun 24 2025 15:51:48 GMT-0600 (hora estándar central),Tue Jun 24 2025 15:51:48 GMT-0600 (hora estándar central),d99f4cb9-8007-40db-999a-a8bfc1a171d7
139,Carmella28,meWZuq3Gc4RcZex,Emmanuel.Marquardt88@gmail.com,user,Tue Jun 24 2025 15:51:48 GMT-0600 (hora estándar central),Tue Jun 24 2025 15:51:48 GMT-0600 (hora estándar central),6eef880f-18c3-4205-9af3-2a3556430b9b
140,Claire.Conroy-Heathcote,NjU9W7LMKDN13Lu,Carissa_Cremin62@yahoo.com,user,Tue Jun 24 2025 15:51:48 GMT-0600 (hora estándar central),Tue Jun 24 2025 15:51:48 GMT-0600 (hora estándar central),09662a0a-d991-407c-a514-a68d0cfc7912
141,Christophe71,vSr9dEEcr3OnmXq,Lilyan.Fisher@gmail.com,user,Tue Jun 24 2025 15:51:48 GMT-0600 (hora estándar central),Tue Jun 24 2025 15:51:48 GMT-0600 (hora estándar central),a3b3afcb-01f3-4870-be78-0a7c299b5473
142,Norval66,m23Dph3Zdq4QesK,Payton38@yahoo.com,user,Tue Jun 24 2025 15:51:48 GMT-0600 (hora estándar central),Tue Jun 24 2025 15:51:48 GMT-0600 (hora estándar central),8b6bf6dd-fd59-4685-93c5-00a63890bd16
143,Lukas.Kemmer,xN5P3ABuf5TS9vK,Vella_Leuschke@gmail.com,user,Tue Jun 24 2025 15:51:48 GMT-0600 (hora estándar central),Tue Jun 24 2025 15:51:48 GMT-0600 (hora estándar central),a7ebdb7c-98b3-4128-8196-253303e203cd
144,Nathaniel.Muller88,0YynPNvFt7PhCn0,Aurelio.Murphy43@hotmail.com,user,Tue Jun 24 2025 15:51:48 GMT-0600 (hora estándar central),Tue Jun 24 2025 15:51:48 GMT-0600 (hora estándar central),13a3ddf3-e685-4179-8dbb-7009a5a28904
145,Ericka.Metz3,idc9zlfch5qwdCa,Micaela52@gmail.com,user,Tue Jun 24 2025 15:51:48 GMT-0600 (hora estándar central),Tue Jun 24 2025 15:51:48 GMT-0600 (hora estándar central),345739fc-d728-414f-8f72-1529cf725801
146,Treva.Haag,EjhcTd0svpWDVts,Pansy7@yahoo.com,user,Tue Jun 24 2025 15:52:15 GMT-0600 (hora estándar central),Tue Jun 24 2025 15:52:15 GMT-0600 (hora estándar central),7302094d-bd97-4516-9662-7a3979564dc4
147,Kane_Gislason,C3Qk9IsEK4dWZ6k,Maida.Greenholt@gmail.com,user,Tue Jun 24 2025 15:52:15 GMT-0600 (hora estándar central),Tue Jun 24 2025 15:52:15 GMT-0600 (hora estándar central),36439934-25dd-45ce-a611-6d3a2aa63005
148,Cordelia.Jakubowski0,3unPM_wE8PULCKn,Gayle.Haley@yahoo.com,user,Tue Jun 24 2025 15:52:15 GMT-0600 (hora estándar central),Tue Jun 24 2025 15:52:15 GMT-0600 (hora estándar central),f3e17f2f-8762-400b-a261-1c8cf4b0ae8f
149,Cristopher47,OVh_XKtTtTa9suf,Rickey.Shanahan85@yahoo.com,user,Tue Jun 24 2025 15:52:15 GMT-0600 (hora estándar central),Tue Jun 24 2025 15:52:15 GMT-0600 (hora estándar central),e6796bec-fa45-468b-b7c1-292bf174e99d
150,Eileen.Tremblay,vCuH7r8XuYudsYb,Jimmie.Lemke93@yahoo.com,user,Tue Jun 24 2025 15:52:15 GMT-0600 (hora estándar central),Tue Jun 24 2025 15:52:15 GMT-0600 (hora estándar central),848b5379-7cc3-4f11-8a25-619b10e20adb
151,Alexa_Okuneva,H2WSi28LOX2xOuM,Norbert_Hansen@hotmail.com,user,Tue Jun 24 2025 15:52:15 GMT-0600 (hora estándar central),Tue Jun 24 2025 15:52:15 GMT-0600 (hora estándar central),3184556b-1230-4098-ae7f-2b3a62fb0bfd
152,Haleigh_Smith19,wbHGpmuj88rFCil,Emery_Bahringer@yahoo.com,user,Tue Jun 24 2025 15:52:15 GMT-0600 (hora estándar central),Tue Jun 24 2025 15:52:15 GMT-0600 (hora estándar central),768b225b-a552-4bf0-baf5-28ee8b63023f
153,Mina.OReilly,XXiugJM_GWptQST,Jordane.Bailey99@gmail.com,user,Tue Jun 24 2025 15:52:15 GMT-0600 (hora estándar central),Tue Jun 24 2025 15:52:15 GMT-0600 (hora estándar central),966c5b0b-516a-407c-a643-6c2886f45c15
154,Hal4,8nf3jDvaUhwL5Hk,Payton.Altenwerth@hotmail.com,user,Tue Jun 24 2025 15:52:15 GMT-0600 (hora estándar central),Tue Jun 24 2025 15:52:15 GMT-0600 (hora estándar central),5d171b95-7fbe-4cbe-a035-d1e7978cb7a4
155,Erna_Lesch,Rgjp4qeh5tVWyuX,Craig.Olson@hotmail.com,user,Tue Jun 24 2025 15:52:15 GMT-0600 (hora estándar central),Tue Jun 24 2025 15:52:15 GMT-0600 (hora estándar central),43205219-efb5-4fee-bebe-64f6825c64de
156,Eliezer_Wisoky0,9hbNe3Ecf5gKHQw,Francisco37@yahoo.com,user,Tue Jun 24 2025 15:52:16 GMT-0600 (hora estándar central),Tue Jun 24 2025 15:52:16 GMT-0600 (hora estándar central),00fe252f-65d9-404c-a8f4-fdbe29781586
157,Ephraim34,kElLfnPpk3YmiJ1,Gisselle6@gmail.com,user,Tue Jun 24 2025 15:52:16 GMT-0600 (hora estándar central),Tue Jun 24 2025 15:52:16 GMT-0600 (hora estándar central),cbb62cae-c1a2-42a7-a4a8-1fd8fc5577c1
158,Burnice33,igXJeTwiRUf_1UC,Ollie68@yahoo.com,user,Tue Jun 24 2025 15:52:16 GMT-0600 (hora estándar central),Tue Jun 24 2025 15:52:16 GMT-0600 (hora estándar central),74c1a927-7893-4925-a3fe-1f4284e66481
159,Kiarra46,j1ydNPnBzD45HOR,Dario_Ritchie@gmail.com,user,Tue Jun 24 2025 15:52:16 GMT-0600 (hora estándar central),Tue Jun 24 2025 15:52:16 GMT-0600 (hora estándar central),00277ccd-a993-46e8-a747-eab1abfa526d
160,Jabari_Upton23,QMOy6G_yEsafRFJ,Rosanna_Reilly96@yahoo.com,user,Tue Jun 24 2025 15:52:16 GMT-0600 (hora estándar central),Tue Jun 24 2025 15:52:16 GMT-0600 (hora estándar central),3e3dd250-cb88-4996-9b2b-def5b1241ae1
161,Leonard.Hettinger,QFhQszRGf75hhhS,Imelda18@yahoo.com,user,Tue Jun 24 2025 15:52:16 GMT-0600 (hora estándar central),Tue Jun 24 2025 15:52:16 GMT-0600 (hora estándar central),35f4a7bf-e479-4edd-8995-a91f58f12fff
162,Ciara65,3oYt_TfFmDVgffm,Lilly_Baumbach@yahoo.com,user,Tue Jun 24 2025 15:52:16 GMT-0600 (hora estándar central),Tue Jun 24 2025 15:52:16 GMT-0600 (hora estándar central),288222d2-b244-48f9-ad68-d91a50a43e8a
163,Haleigh99,NXzPRaG4Qb3IMvT,Johnnie51@gmail.com,user,Tue Jun 24 2025 15:52:16 GMT-0600 (hora estándar central),Tue Jun 24 2025 15:52:16 GMT-0600 (hora estándar central),2ff21b19-6359-4e5a-8a45-b40ff1fced87
164,Keon17,Ha1m_XCWYtk0PvP,Itzel_Price@hotmail.com,user,Tue Jun 24 2025 15:52:16 GMT-0600 (hora estándar central),Tue Jun 24 2025 15:52:16 GMT-0600 (hora estándar central),a88c261b-d337-4684-b145-6a9295fcc66f
165,Yoshiko_Crist45,vJTRtTbnZj9qpDr,Emily_Ryan@gmail.com,user,Tue Jun 24 2025 15:52:16 GMT-0600 (hora estándar central),Tue Jun 24 2025 15:52:16 GMT-0600 (hora estándar central),baf468ad-d4c0-45d9-962f-f95d82f8c374